City_ID,City,Lat,Lng,Max Temp,Humidity,Cloudiness,Wind Speed,Country,Date
0,trairi,-3.2778,-39.2689,25.32,94,62,1.54,BR,1712917019
1,ushuaia,-54.8,-68.3,7.81,76,20,12.35,AR,1712916845
2,grytviken,-54.2811,-36.5092,0.42,82,98,4.7,GS,1712917057
3,uturoa,-16.7333,-151.4333,29.08,76,97,8.97,PF,1712917057
4,bengkulu,-3.8004,102.2655,28.56,80,95,2.4,ID,1712917057
5,olonkinbyen,70.9221,-8.7187,-7.49,87,100,11.57,SJ,1712917057
6,vorgashor,67.5833,63.95,-2.89,97,100,6.03,RU,1712917058
7,arraial do cabo,-22.9661,-42.0278,23.92,83,75,3.6,BR,1712917058
8,remire-montjoly,4.9167,-52.2667,28.02,83,75,5.66,GF,1712917058
9,aasiaat,68.7098,-52.8699,-6.26,95,100,2.68,GL,1712917058
10,bethel,41.3712,-73.414,18.05,89,100,5.14,US,1712917005
11,edinburgh of the seven seas,-37.0676,-12.3116,18.93,92,71,8.45,SH,1712917059
12,puerto ayora,-0.7393,-90.3518,23.64,100,17,0.45,EC,1712917059
13,port elizabeth,-33.918,25.5701,20.61,54,69,3.13,ZA,1712917059
14,waimanalo,21.35,-157.7208,23.95,88,100,2.06,US,1712917060
15,hawaiian paradise park,19.5933,-154.9731,21.69,96,75,1.54,US,1712917060
16,tura,25.5198,90.2201,35.65,15,54,4.12,IN,1712917060
17,yellowknife,62.456,-114.3525,0.23,94,100,5.81,CA,1712917061
18,saudarkrokur,65.7461,-19.6394,-0.02,95,100,5.45,IS,1712917061
19,praia da vitoria,38.7333,-27.0667,16.53,88,75,2.04,PT,1712917061
20,crane,31.3974,-102.3501,17.13,26,75,7.18,US,1712917061
21,albany,42.6001,-73.9662,17.55,80,100,3.58,US,1712916879
22,waitangi,-43.9535,-176.5597,16.57,95,99,4.92,NZ,1712917062
23,tagiura,32.8817,13.3506,20.07,70,100,9.28,LY,1712917062
24,chonchi,-42.6128,-73.8092,4.56,82,0,0.98,CL,1712917049
25,tazovsky,67.4667,78.7,-10.8,92,100,12.49,RU,1712917062
26,wailua homesteads,22.0669,-159.378,23.24,94,100,7.72,US,1712917062
27,medina,24.4686,39.6142,32.24,10,0,2.06,SA,1712917063
28,port mathurin,-19.6833,63.4167,26.87,73,25,4.72,MU,1712917063
29,tolanaro,-25.0319,46.9987,24.37,59,100,6.16,MG,1712917063
30,utrik,11.2278,169.8474,26.46,76,100,9.2,MH,1712917063
31,aitape,-3.1374,142.3475,27.4,85,75,2.56,PG,1712917064
32,rundu,-17.9333,19.7667,29.35,31,100,4.39,NA,1712917064
33,adamstown,-25.066,-130.1015,22.1,52,100,6.36,PN,1712917064
34,west island,-12.1568,96.8225,29.99,70,40,4.12,CC,1712917064
35,jamestown,42.097,-79.2353,11.8,96,100,9.39,US,1712916825
36,qui nhon,13.7667,109.2333,28.12,73,100,2.52,VN,1712917065
37,port lincoln,-34.7333,135.8667,14.16,67,12,4.2,AU,1712917065
38,havre de grace,39.5493,-76.0916,17.86,91,75,4.63,US,1712917065
39,badger,64.8,-147.5333,2.14,62,75,1.54,US,1712917065
40,kapuskasing,49.4169,-82.4331,5.24,96,100,5.86,CA,1712917066
41,bagnacavallo,44.4125,11.9771,22.48,59,0,3.66,IT,1712917066
42,ust-nera,64.5667,143.2,-2.21,90,100,2.79,RU,1712917066
43,nishinoomote,30.7333,131.0,17.55,82,100,7.03,JP,1712917066
44,fort stockton,30.894,-102.8793,16.53,30,96,10.26,US,1712917067
45,cobourg,50.2667,10.9667,18.76,53,71,0.89,DE,1712917067
46,atafu village,-8.5421,-172.5159,30.08,72,90,2.97,TK,1712917067
47,erdemli,36.605,34.3084,20.54,69,6,2.3,TR,1712917067
48,champerico,14.3,-91.9167,28.25,73,11,1.21,GT,1712917067
49,papatowai,-46.5619,169.4708,5.83,89,20,1.19,NZ,1712917068
50,isafjordur,66.0755,-23.124,-1.98,80,75,7.2,IS,1712917068
51,hilo,19.7297,-155.09,23.12,92,75,1.79,US,1712917050
52,mityana,0.4175,32.0228,28.21,54,90,2.3,UG,1712917068
53,stanley,54.868,-1.6985,12.77,83,75,3.09,GB,1712917069
54,gaalkacyo,6.7697,47.4308,36.81,29,9,4.66,SO,1712917069
55,sandnessjoen,66.0217,12.6316,8.06,81,75,10.8,NO,1712917069
56,port-aux-francais,-49.35,70.2167,6.68,94,88,9.32,TF,1712917069
57,port macquarie,-31.4333,152.9167,18.83,82,17,1.84,AU,1712916996
58,blackmans bay,-43.0167,147.3167,15.07,71,93,3.05,AU,1712917070
59,nemuro,43.3236,145.575,3.89,99,100,4.57,JP,1712916857
60,petropavlovsk-kamchatsky,53.0452,158.6483,1.33,93,0,1.34,RU,1712917071
61,talnakh,69.4865,88.3972,-16.55,89,100,5.36,RU,1712917071
62,whitehorse,60.7161,-135.0538,-5.31,88,57,3.63,CA,1712917012
63,margaret river,-33.95,115.0667,18.95,65,45,6.31,AU,1712917072
64,tank,32.2217,70.3793,32.73,18,100,1.66,PK,1712917072
65,kodiak,57.79,-152.4072,3.73,65,100,4.12,US,1712917072
66,tiksi,71.6872,128.8694,-18.99,83,54,9.35,RU,1712917072
67,valentin gomez farias,28.2167,-106.5833,12.74,24,100,1.76,MX,1712917073
68,bredasdorp,-34.5322,20.0403,18.92,47,16,7.15,ZA,1712917073
69,kirensk,57.7853,108.1119,1.65,76,100,3.13,RU,1712917073
70,ancud,-41.8697,-73.8203,7.72,76,0,2.66,CL,1712917073
71,puerto natales,-51.7236,-72.4875,2.01,93,34,1.91,CL,1712917074
72,spring creek,40.7266,-115.5859,8.5,43,56,2.18,US,1712917074
73,tenno,39.9,139.9667,10.84,77,13,3.12,JP,1712917074
74,port de pollenca,39.9075,3.0814,22.47,64,0,4.25,ES,1712917074
75,riosucio,5.4216,-75.7032,15.0,94,99,0.85,CO,1712917074
76,lhuentse,27.6679,91.1839,18.45,60,84,2.67,BT,1712917075
77,miyaly,48.8844,53.7836,20.09,38,80,8.02,KZ,1712917075
78,mongoumba,3.6415,18.5936,37.72,33,53,2.01,CF,1712917075
79,la'ie,21.6477,-157.9253,23.98,89,100,0.89,US,1712917075
80,sechura,-5.5569,-80.8222,22.86,75,48,4.77,PE,1712917076
81,cabo san lucas,22.8909,-109.9124,20.42,57,100,0.45,MX,1712917076
82,castillos,-34.1667,-53.8333,16.62,57,100,3.14,UY,1712917076
83,cam ranh,11.9214,109.1591,28.98,84,0,6.17,VN,1712917076
84,shingu,33.7333,135.9833,13.89,81,100,1.13,JP,1712917076
85,invercargill,-46.4,168.35,7.79,88,100,1.79,NZ,1712916892
86,avarua,-21.2078,-159.775,28.03,89,75,6.17,CK,1712916922
87,ribeira grande,38.5167,-28.7,17.22,88,20,2.24,PT,1712917077
88,llorente,11.4119,125.5458,26.57,80,100,2.68,PH,1712917077
89,pisco,-13.7,-76.2167,22.03,83,0,3.6,PE,1712917078
90,longyearbyen,78.2186,15.6401,-13.09,52,0,4.12,SJ,1712917078
91,tashtyp,52.7939,89.8983,0.71,53,100,6.18,RU,1712917078
92,sitka,57.0531,-135.33,2.94,75,75,2.06,US,1712917078
93,new norfolk,-42.7826,147.0587,15.72,95,100,1.17,AU,1712917078
94,udachny,66.4167,112.4,-15.86,72,100,3.58,RU,1712917079
95,curaca,-8.9903,-39.9094,25.13,78,79,5.06,BR,1712917079
96,labrador city,52.9463,-66.9114,-0.47,99,100,1.85,CA,1712916912
97,nuku'alofa,-21.1333,-175.2,26.12,82,73,3.34,TO,1712917079
98,chichiriviche,10.9333,-68.2772,26.01,87,9,5.13,VE,1712917080
99,koundara,12.4833,-13.3,31.68,35,97,3.59,GN,1712917080
100,alofi,-19.0595,-169.9187,24.94,94,100,2.06,NU,1712916943
101,happy valley-goose bay,53.3168,-60.3315,2.65,90,100,2.08,CA,1712916910
102,qaqortoq,60.7167,-46.0333,-8.6,75,7,2.25,GL,1712917080
103,upington,-28.4478,21.2561,25.4,18,3,2.73,ZA,1712917081
104,cadale,2.7603,46.3222,31.27,66,10,4.64,SO,1712917081
105,tokonou,9.65,-9.7833,30.94,50,44,2.89,GN,1712917081
106,iqaluit,63.7506,-68.5145,-12.98,88,97,5.36,CA,1712917082
107,codrington,-38.2667,141.9667,14.55,61,100,3.13,AU,1712917082
108,hamilton,39.1834,-84.5333,11.0,90,100,8.23,US,1712917081
109,port douglas,-16.4833,145.4667,24.71,85,13,5.8,AU,1712917052
110,belmonte,-15.8631,-38.8828,25.19,88,66,2.46,BR,1712917083
111,meulaboh,4.1363,96.1285,29.65,69,97,2.4,ID,1712917083
112,manghit,42.1156,60.0597,21.26,32,100,8.3,UZ,1712917084
113,newman,37.3138,-121.0208,16.27,88,0,0.89,US,1712917084
114,ghanzi,-21.5667,21.7833,27.71,27,2,4.29,BW,1712917084
115,humaita,-7.5061,-63.0208,22.93,99,100,0.71,BR,1712917084
116,taoudenni,22.6783,-3.9836,30.35,11,0,8.45,ML,1712917084
117,college,64.8569,-147.8028,2.18,61,100,1.54,US,1712917085
118,geraldton,-28.7667,114.6,23.23,56,40,7.2,AU,1712917085
119,enewetak,11.3474,162.3373,27.22,78,96,9.31,MH,1712917086
120,znamenskoye,57.1281,73.8282,0.71,97,100,7.59,RU,1712917086
121,zouerate,22.7187,-12.4521,32.54,10,0,7.78,MR,1712917086
122,rockland,41.1668,-74.0496,17.47,94,100,2.24,US,1712916912
123,pacific grove,36.6177,-121.9166,13.69,89,100,2.06,US,1712917087
124,caluula,11.9661,50.7569,29.28,71,62,6.99,SO,1712917087
125,klyuchi,52.2667,79.1667,4.98,55,97,5.13,RU,1712917087
126,vorkuta,67.5,64.0,-2.72,97,100,7.6,RU,1712917087
127,simpang,-1.2667,104.0833,25.89,89,98,2.12,ID,1712917088
128,camana,-16.6228,-72.7111,20.63,93,99,2.48,PE,1712917088
129,sena madureira,-9.0656,-68.6569,23.32,98,98,0.98,BR,1712917088
130,khandyga,62.6667,135.6,-5.26,88,100,3.78,RU,1712917088
131,egilsstadir,65.2653,-14.3948,0.95,85,96,2.04,IS,1712917089
132,afaahiti,-17.75,-149.2833,25.93,86,94,10.95,PF,1712917089
133,bembereke,10.2283,2.6634,32.44,45,98,3.5,BJ,1712917089
134,taghazout,30.5426,-9.7112,29.43,37,4,1.47,MA,1712917089
135,alo,7.4178,6.7371,34.02,51,91,3.58,NG,1712917090
136,fale old settlement,-9.3852,-171.2468,29.78,73,100,3.76,TK,1712917090
137,xai-xai,-25.0519,33.6442,23.56,67,48,5.45,MZ,1712917090
138,constantia,44.1833,28.65,24.38,61,32,6.18,RO,1712917090
139,east london,-33.0153,27.9116,20.22,48,27,6.95,ZA,1712916907
140,trollhattan,58.2333,12.4167,9.66,96,75,3.6,SE,1712917091
141,lebu,-37.6167,-73.65,9.05,84,2,1.51,CL,1712917091
142,colac,-38.3333,143.5833,11.76,84,91,1.93,AU,1712917091
143,lerwick,60.1545,-1.1494,10.0,83,65,12.06,GB,1712917092
144,hermanus,-34.4187,19.2345,19.89,50,25,7.24,ZA,1712917092
145,lompoc,34.6391,-120.4579,11.23,97,100,1.54,US,1712917092
146,buala,-8.145,159.5921,27.4,77,100,1.35,SB,1712917092
147,sinjai,-5.1241,120.253,25.99,86,79,0.53,ID,1712917093
148,bowen,-20.0167,148.2333,24.28,67,25,6.39,AU,1712916879
149,rio grande,-32.035,-52.0986,20.15,61,100,7.17,BR,1712916827
150,mawlaik,23.6333,94.4167,37.84,13,77,2.2,MM,1712917036
151,tralee,52.2704,-9.7026,13.14,88,75,7.2,IE,1712917094
152,ivdel',60.6911,60.4206,7.88,90,88,3.58,RU,1712917094
153,la cruz,23.9167,-106.9,18.78,69,99,2.12,MX,1712917094
154,tingi,-11.3,35.0333,19.25,96,100,1.04,TZ,1712917095
155,sogndal,61.2283,7.1003,9.21,81,75,1.03,NO,1712917095
156,puerto santa,-8.9906,-78.6456,21.02,87,99,3.17,PE,1712917095
157,nar'yan-mar,67.6713,53.087,-9.38,94,100,8.05,RU,1712917095
158,susuman,62.7833,148.1667,-8.34,90,16,2.24,RU,1712917096
159,osvaldo cruz,-21.7967,-50.8786,21.51,79,85,4.95,BR,1712917096
160,kingston,17.997,-76.7936,23.98,90,61,1.46,JM,1712916920
161,antsiranana,-12.2787,49.2917,31.24,65,24,3.41,MG,1712916947
162,mocimboa,-11.3167,40.35,28.48,80,100,5.36,MZ,1712917097
163,puerto palomas,31.7667,-107.6167,16.28,17,92,2.7,MX,1712917097
164,mata-utu,-13.2816,-176.1745,29.18,80,34,5.79,WF,1712917009
165,tame,6.461,-71.73,26.5,42,100,2.37,CO,1712917097
166,bilibino,68.0546,166.4372,-10.87,87,99,0.8,RU,1712917098
167,ilulissat,69.2167,-51.1,-6.99,79,75,2.57,GL,1712917098
168,cestos city,5.46,-9.5828,29.61,70,100,1.73,LR,1712917098
169,bafoulabe,13.8065,-10.8321,38.69,19,89,4.74,ML,1712917099
170,ad dilam,23.9915,47.1627,31.23,19,20,5.02,SA,1712917099
171,thompson,55.7435,-97.8558,-4.8,98,100,1.79,CA,1712917099
172,nema,57.5067,50.5011,10.97,64,100,5.46,RU,1712917099
173,mount gambier,-37.8333,140.7667,11.05,75,70,1.41,AU,1712917100
174,huntsville,34.7304,-86.5861,11.42,88,0,4.02,US,1712916972
175,colonia menno,-22.3667,-59.8167,19.56,97,100,3.92,PY,1712917100
176,caldwell,43.6629,-116.6874,14.55,71,0,2.57,US,1712917101
177,haiku-pauwela,20.9219,-156.3051,22.8,81,0,3.13,US,1712917101
178,ketchikan,55.3422,-131.6461,4.26,87,40,0.0,US,1712917101
179,timbuktu,16.7735,-3.0074,35.12,7,3,8.92,ML,1712917101
180,tocopilla,-22.092,-70.1979,19.42,82,69,4.14,CL,1712916713
181,honavar,14.2833,74.45,31.21,55,5,4.87,IN,1712917102
182,meizhou,24.2977,116.1072,27.21,79,55,1.33,CN,1712917102
183,keflavik,64.0049,-22.5624,2.95,80,75,10.29,IS,1712917102
184,nichinan,31.6,131.3667,15.87,83,99,1.9,JP,1712917102
185,vilyuchinsk,52.9306,158.4028,2.15,88,93,1.17,RU,1712917103
186,richards bay,-28.783,32.0377,22.08,46,2,4.4,ZA,1712917103
187,daru,-9.0763,143.2092,26.98,81,100,5.35,PG,1712917103
188,gadzhiyevo,69.2551,33.3362,-0.62,85,100,4.15,RU,1712917104
189,anadyr,64.75,177.4833,-10.72,79,0,1.0,RU,1712917104
190,lubuklinggau,-3.3,102.8667,25.76,88,99,0.45,ID,1712917104
191,st. john's,47.5649,-52.7093,1.65,87,16,4.47,CA,1712917009
192,dalandzadgad,43.5708,104.425,18.39,17,3,9.65,MN,1712917105
193,kone,-21.0595,164.8658,21.69,90,100,1.7,NC,1712917105
194,touros,-5.1989,-35.4608,26.87,86,56,3.45,BR,1712917000
195,taveta,-3.3963,37.6736,27.7,66,95,0.46,KE,1712917106
196,boke,10.9409,-14.2967,32.95,35,2,1.02,GN,1712917106
197,saint-philippe,-21.3585,55.7679,30.77,80,93,1.32,RE,1712917106
198,basco,20.4487,121.9702,26.45,83,28,5.57,PH,1712917106
199,sur,22.5667,59.5289,33.45,36,99,3.99,OM,1712917107
200,biella,45.5871,8.0859,23.15,53,26,1.92,IT,1712917107
201,tsiombe,-25.3,45.4833,26.84,38,57,5.17,MG,1712917107
202,goroka,-6.0834,145.3873,18.07,98,100,0.01,PG,1712917107
203,xam nua,20.4197,104.0439,28.8,52,85,1.48,LA,1712917107
204,tot'ma,59.9747,42.7642,5.17,95,100,3.8,RU,1712917108
205,fergus falls,46.283,-96.0776,4.18,94,0,5.14,US,1712917058
206,general levalle,-34.0147,-63.9241,10.91,86,96,2.86,AR,1712917108
207,severnoye,56.3491,78.3619,-1.12,74,100,6.26,RU,1712917109
208,mandvi,22.8333,69.3667,29.73,57,2,7.3,IN,1712917109
209,yurga,55.7231,84.8861,-2.22,48,99,4.03,RU,1712917109
210,neftcala,39.3742,49.2472,15.54,62,0,7.29,AZ,1712917109
211,laguna,38.421,-121.4238,17.02,74,0,3.09,US,1712917110
212,usogorsk,63.4106,48.6872,2.04,97,100,5.72,RU,1712917110
213,las parejas,-32.6848,-61.5164,13.71,74,100,4.29,AR,1712917110
214,jalqani,12.4486,34.2186,38.62,7,8,3.68,SD,1712917110
215,sao joao da barra,-21.6403,-41.0511,25.05,87,30,2.96,BR,1712917111
216,aykhal,66.0,111.5,-15.37,80,100,3.59,RU,1712917111
217,meybod,32.2501,54.0166,21.97,23,48,3.24,IR,1712917111
218,cochin,9.9399,76.2602,35.99,69,86,4.82,IN,1712916825
219,coquimbo,-29.9533,-71.3436,15.0,80,100,3.34,CL,1712916796
220,hithadhoo,-0.6,73.0833,25.67,91,99,12.0,MV,1712917112
221,san patricio,28.017,-97.5169,21.05,66,82,3.32,US,1712917112
222,adrar,20.5022,-10.0711,33.5,10,0,8.8,MR,1712917113
223,argo,37.6333,22.7333,23.59,38,3,9.34,GR,1712917113
224,vilyuysk,63.7553,121.6247,-11.67,73,100,3.58,RU,1712917113
225,deggingen,48.5971,9.7189,19.04,57,60,1.06,DE,1712917113
226,amli,20.2833,73.0167,33.41,31,17,6.66,IN,1712917113
227,samalut,28.3121,30.7101,28.14,22,52,6.32,EG,1712917114
228,holualoa,19.6228,-155.9522,24.93,83,100,3.6,US,1712916829
229,mili,6.0815,171.735,26.93,87,100,8.53,MH,1712916922
230,kushk,33.2957,61.9522,24.05,36,30,6.07,AF,1712917114
231,annau,37.8876,58.516,13.76,85,100,1.17,TM,1712916922
232,leongatha,-38.4833,145.95,13.52,93,100,0.94,AU,1712917115
233,ta`u,-14.2336,-169.5144,29.42,78,40,5.76,AS,1712917115
234,queenstown,-31.8976,26.8753,16.17,29,4,1.03,ZA,1712916909
235,puerto lempira,15.2667,-83.7667,25.6,84,49,2.92,HN,1712917116
236,grantsville,40.5999,-112.4644,14.9,44,18,4.79,US,1712917116
237,long beach,33.767,-118.1892,14.05,93,100,1.79,US,1712917116
238,klaipeda,55.7172,21.1175,7.03,91,100,8.69,LT,1712917116
239,banda aceh,5.5577,95.3222,30.04,68,100,0.85,ID,1712917117
240,galesong,-5.3166,119.3661,27.01,75,86,0.89,ID,1712917117
241,ciechocinek,52.8791,18.7951,19.2,59,100,5.25,PL,1712917117
242,kourou,5.1552,-52.6478,28.03,90,97,3.33,GF,1712917117
243,navrongo,10.8956,-1.0921,36.97,33,75,4.77,GH,1712916978
244,itaituba,-4.2761,-55.9836,23.49,100,99,0.59,BR,1712916955
245,belle fourche,44.6714,-103.8522,5.6,52,7,1.83,US,1712917118
246,palmer,42.1584,-72.3287,16.78,79,100,9.26,US,1712917118
247,polyarnyy,69.1989,33.4478,-0.74,84,100,4.27,RU,1712917118
248,suva,-18.1416,178.4415,25.71,94,40,1.54,FJ,1712917119
249,aleksandriyskaya,44.2272,43.3453,24.35,36,0,6.02,RU,1712917119
250,jatai,-17.8814,-51.7144,20.91,92,100,0.98,BR,1712916867
251,ajaigarh,24.9,80.2667,36.04,18,94,4.79,IN,1712917120
252,punta del este,-34.9667,-54.95,16.04,74,75,0.89,UY,1712917120
253,ishigaki,24.3448,124.1572,25.11,87,6,4.97,JP,1712917120
254,mapastepec,15.4333,-92.9,24.92,41,59,3.32,MX,1712917120
255,jinjiang,24.8198,118.5741,23.9,70,48,3.82,CN,1712917120
256,tual,-5.6667,132.75,28.24,78,80,4.19,ID,1712917121
257,luga,58.7372,29.8453,9.73,79,99,5.14,RU,1712917121
258,guerrero negro,27.9769,-114.0611,15.5,85,100,3.3,MX,1712917121
259,nagua,19.3832,-69.8474,22.79,93,87,1.88,DO,1712917121
260,colonia,50.9333,6.95,17.94,75,100,3.09,DE,1712916828
261,amga,60.8953,131.9608,-5.84,88,100,3.98,RU,1712917122
262,ruston,32.5232,-92.6379,8.9,87,0,0.0,US,1712916571
263,ilhabela,-23.7781,-45.3581,23.46,90,97,0.67,BR,1712917122
264,quelimane,-17.8786,36.8883,23.75,85,100,4.34,MZ,1712917122
265,navia,43.5354,-6.7194,26.44,49,1,0.79,ES,1712917122
266,saldanha,-33.0117,17.9442,18.22,47,4,4.24,ZA,1712917123
267,yeraliyev,43.2,51.65,19.28,22,14,5.89,KZ,1712917123
268,ola,59.5833,151.2833,-4.37,91,54,0.49,RU,1712917123
269,hasaki,35.7333,140.8333,16.27,85,100,7.36,JP,1712917123
270,howrah,22.5892,88.3103,34.0,38,40,3.09,IN,1712917124
271,auki,-8.7676,160.7034,25.87,83,100,1.43,SB,1712916922
272,kavaratti,10.5669,72.642,29.44,68,30,3.13,IN,1712917124
273,jining,35.405,116.5814,23.44,56,0,4.61,CN,1712917124
274,jalpatagua,14.1417,-90.0086,23.6,70,100,4.84,GT,1712917125
275,eydhafushi,5.1033,73.0708,29.39,74,70,2.89,MV,1712917125
276,baijiantan,45.6333,85.1833,9.59,31,38,16.3,CN,1712917125
277,mount pearl,47.5166,-52.7813,1.19,88,75,11.32,CA,1712917125
278,zheshart,62.0731,49.5733,4.94,85,100,5.37,RU,1712917126
279,sumberpucung,-8.1586,112.4829,25.73,88,94,1.99,ID,1712917126
280,broome,42.2506,-75.833,17.96,91,100,8.75,US,1712917126
281,berdigestyakh,62.0989,126.6992,-13.35,85,96,3.04,RU,1712917127
282,sakakah,29.9697,40.2064,28.76,20,0,0.81,SA,1712917127
283,emerald,-23.5333,148.1667,21.86,42,2,4.06,AU,1712917127
284,itoman,26.1247,127.6694,22.43,88,75,3.6,JP,1712917128
285,dunedin,-45.8742,170.5036,8.22,91,99,1.87,NZ,1712916974
286,bafq,31.6128,55.4107,24.76,19,29,7.02,IR,1712917128
287,iskateley,67.6803,53.1512,-9.43,94,100,8.05,RU,1712917128
288,nabire,-3.3667,135.4833,25.71,92,100,1.62,ID,1712917129
289,kudahuvadhoo,2.6708,72.8944,29.53,69,61,0.97,MV,1712917129
290,isangel,-19.55,169.2667,25.24,91,96,5.29,VU,1712917129
291,al burayqah,30.4062,19.5739,22.63,42,6,3.45,LY,1712917129
292,mar del plata,-38.0023,-57.5575,13.94,74,75,2.68,AR,1712916417
293,linhares,-19.3911,-40.0722,23.61,90,4,2.46,BR,1712916830
294,howard springs,-12.497,131.047,28.95,90,100,1.77,AU,1712917130
295,valdivia,-39.8142,-73.2459,5.13,95,0,1.17,CL,1712916955
296,saipan,15.1355,145.701,27.39,83,20,5.66,MP,1712917131
297,tobati,-25.25,-57.0667,23.9,98,29,1.29,PY,1712917131
298,flying fish cove,-10.4217,105.6791,28.82,78,40,4.63,CX,1712916922
299,gebeit,21.0667,36.3167,30.37,14,3,3.44,SD,1712917132
300,tayshet,55.9342,98.0044,-0.4,74,100,3.73,RU,1712917132
301,bandon,51.7469,-8.7425,10.77,88,100,6.86,IE,1712917132
302,morehead city,34.7229,-76.726,19.0,81,100,10.29,US,1712916941
303,coahuayana de hidalgo,18.7,-103.6583,21.56,76,2,1.48,MX,1712917133
304,sierra grande,-41.606,-65.3557,9.44,84,99,3.1,AR,1712917133
305,tateyama,34.9833,139.8667,15.61,86,100,5.39,JP,1712917133
306,sungai raya,0.7,108.9,27.38,85,93,2.12,ID,1712917134
307,sanibel,26.449,-82.0223,21.13,78,11,1.34,US,1712917112
308,weno,7.4515,151.8468,27.97,94,100,3.6,FM,1712917134
309,broken hill,-31.95,141.4333,17.14,40,100,3.15,AU,1712917134
310,san rafael del yuma,18.4299,-68.6739,25.76,88,18,4.5,DO,1712917135
311,naze,28.3667,129.4833,19.51,90,100,5.87,JP,1712917135
312,quepos,9.4236,-84.1652,26.77,73,77,1.67,CR,1712917135
313,banposh,22.25,84.8,37.18,15,92,1.07,IN,1712917135
314,bathsheba,13.2167,-59.5167,27.34,78,40,8.23,BB,1712917135
315,lobujya,27.95,86.8167,-5.44,90,87,2.87,NP,1712917136
316,were ilu,10.6,39.4333,24.06,25,83,1.1,ET,1712917136
317,soure,-0.7167,-48.5233,25.64,89,95,1.28,BR,1712916998
318,muntok,-2.0667,105.1833,29.47,71,72,4.21,ID,1712917136
319,bhimunipatnam,17.8833,83.4333,32.73,51,78,6.01,IN,1712916974
320,mount isa,-20.7333,139.5,18.87,48,0,2.57,AU,1712917137
321,nellikkuppam,11.7667,79.6833,31.48,57,72,5.73,IN,1712917137
322,toliara,-23.35,43.6667,26.51,48,66,7.25,MG,1712917137
323,velikiye luki,56.34,30.5452,14.43,65,99,7.0,RU,1712917137
324,chibougamau,49.9168,-74.3659,3.79,100,100,5.14,CA,1712917039
325,baie-comeau,49.2168,-68.1489,2.82,100,100,6.69,CA,1712917138
326,magadan,59.5667,150.8,-4.71,94,30,0.82,RU,1712917138
327,mukalla,14.5425,49.1242,29.69,58,51,4.19,YE,1712917138
328,kobilje,46.6847,16.3978,22.67,36,0,2.91,SI,1712917139
329,rawah,34.4816,41.9093,26.55,25,67,4.25,IQ,1712917139
330,kuanda,56.3161,116.0806,2.5,84,93,0.62,RU,1712917139
331,portland,45.5234,-122.6762,9.5,93,100,1.54,US,1712916858
332,lubang,13.8584,120.124,29.2,71,6,3.74,PH,1712917139
333,embarcacion,-23.209,-64.096,16.79,96,100,0.61,AR,1712916913
334,talara,-4.5772,-81.2719,23.83,73,32,5.13,PE,1712917140
335,the bottom,17.6259,-63.2492,23.31,80,64,11.18,BQ,1712917140
336,barranca,-10.75,-77.7667,20.76,86,95,2.83,PE,1712917140
337,plesetsk,62.708,40.2916,2.19,98,100,2.66,RU,1712917141
338,georgetown,5.4112,100.3354,31.96,70,20,5.14,MY,1712917069
339,forster,-32.1667,152.5167,15.77,100,9,2.24,AU,1712917141
340,aswan,24.0934,32.907,30.61,21,0,2.57,EG,1712917141
341,addiet canna,11.2667,37.4833,29.88,15,80,3.71,ET,1712917142
342,kapa'a,22.0752,-159.319,23.99,94,100,7.72,US,1712917108
343,san juan de miraflores,-12.1629,-76.9635,23.43,79,89,2.94,PE,1712917142
344,aleksandrovskoye,44.7142,43.0008,22.35,37,36,5.95,RU,1712917142
345,ibipeba,-11.6408,-42.0111,21.53,90,100,3.16,BR,1712917143
346,novodvinsk,64.4165,40.8122,2.66,90,100,4.71,RU,1712917143
347,ruidoso,33.3317,-105.673,11.83,20,0,0.0,US,1712917120
348,nantucket,41.2835,-70.0995,12.27,99,100,10.8,US,1712917052
349,kristiansund,63.1115,7.732,12.36,50,75,3.09,NO,1712917143
350,dudinka,69.4058,86.1778,-16.32,87,100,8.21,RU,1712917144
351,chokwe,-24.5333,32.9833,25.3,49,41,3.66,MZ,1712917144
352,yigo village,13.5361,144.8886,27.62,82,75,6.17,GU,1712916971
353,loango,-4.6719,11.8312,28.21,74,100,3.14,CG,1712917144
354,dossor,47.5272,52.9811,19.73,30,36,5.2,KZ,1712917145
355,alesund,62.4723,6.1549,10.51,87,75,6.69,NO,1712917145
356,dryden,49.7833,-92.7503,0.93,97,100,3.68,CA,1712917049
357,ustka,54.5805,16.8619,14.8,90,100,6.32,PL,1712917146
358,kariya,34.9833,136.9833,18.41,64,81,3.71,JP,1712917146
359,bandar lampung,-5.4254,105.258,26.48,79,98,1.65,ID,1712917146
360,yuzhno-kurilsk,44.0306,145.8556,4.65,76,100,3.31,RU,1712917147
361,anshun,26.25,105.9333,26.05,47,42,9.7,CN,1712916878
362,orapa,-21.2833,25.3667,25.58,41,90,6.39,BW,1712917147
363,kuala belait,4.5833,114.1833,30.09,79,66,4.11,BN,1712917147
364,tazacorte,28.629,-17.9293,27.54,23,0,5.14,ES,1712917148
365,daloa,6.8774,-6.4502,30.0,56,74,2.18,CI,1712917148
366,rahimah,26.7079,50.0619,33.12,56,100,4.92,SA,1712917148
367,robbah,33.2797,6.9098,12.8,66,100,9.11,DZ,1712917148
368,bakchar,57.0186,82.0711,-1.88,53,77,4.37,RU,1712917149
369,gizo,-8.103,156.8419,28.99,77,74,3.35,SB,1712917149
370,motupe,-6.1519,-79.7142,20.79,73,71,0.66,PE,1712917149
371,ak-suu,42.4995,78.527,14.13,36,100,3.31,KG,1712917150
372,kesinga,20.2,83.2333,32.96,28,79,2.56,IN,1712917150
373,front royal,38.9182,-78.1944,15.88,86,100,3.6,US,1712917071
374,qiqihar,47.3408,123.9672,19.1,29,93,7.4,CN,1712917150
375,mitchell,43.7094,-98.0298,0.99,75,0,2.57,US,1712917127
376,hluti,-27.2167,31.6167,21.06,45,47,1.67,SZ,1712917151
377,robit,12.0167,39.6333,27.87,48,62,3.46,ET,1712917151
378,sambava,-14.2667,50.1667,29.76,73,73,3.2,MG,1712917151
379,tahara,34.6667,137.2667,17.19,50,61,4.31,JP,1712917152
380,brookings,44.3114,-96.7984,3.54,89,0,0.0,US,1712917152
381,hammerfest,70.6634,23.6821,3.25,70,75,1.03,NO,1712917152
382,challans,46.8436,-1.8749,19.51,78,100,2.22,FR,1712917152
383,muleba,-1.8397,31.6544,22.96,75,88,3.04,TZ,1712917153
384,mirador,-6.3708,-44.3631,24.53,94,23,0.49,BR,1712917153
385,fuglafjordur,62.244,-6.814,8.26,89,90,10.94,FO,1712917153
386,vrangel',42.7297,133.0839,7.22,91,70,3.97,RU,1712917153
387,lata,40.1629,-8.3327,25.83,47,6,1.38,PT,1712917153
388,prado,-17.3411,-39.2208,24.3,90,42,2.8,BR,1712917154
389,quellon,-43.1167,-73.6167,8.09,85,0,2.79,CL,1712917038
390,kaa-khem,51.6833,94.7333,5.23,72,100,4.04,RU,1712917154
391,akureyri,65.6835,-18.0878,-0.04,100,100,5.66,IS,1712917154
392,laascaanood,8.4774,47.3597,34.31,29,88,3.44,SO,1712917155
393,altamont,42.2068,-121.7372,6.55,77,20,0.89,US,1712917155
394,dolores,-36.3132,-57.6792,12.66,67,100,3.77,AR,1712917155
395,kolonia town,6.964,158.206,26.0,94,100,2.57,FM,1712917155
396,brisas de zicatela,15.8369,-97.0419,25.92,48,88,1.77,MX,1712917155
397,sychevka,55.8252,34.2736,11.13,75,98,7.13,RU,1712917156
398,vadso,70.0744,29.7487,1.49,86,100,3.09,NO,1712917156
399,puerto baquerizo moreno,-0.9,-89.6,24.75,88,14,4.19,EC,1712917156
400,tucurui,-3.7661,-49.6725,23.62,99,100,1.58,BR,1712917156
401,ceeldheer,3.8488,47.1806,33.28,57,60,6.73,SO,1712917157
402,illizi,26.4833,8.4667,18.89,31,0,6.13,DZ,1712917157
403,namibe,-15.1961,12.1522,25.94,60,42,3.21,AO,1712917157
404,aracati,-4.5617,-37.7697,24.71,94,90,2.01,BR,1712917157
405,kimbe,-5.5502,150.1429,26.18,90,96,1.09,PG,1712917158
406,isla vista,34.4133,-119.861,13.24,86,100,2.57,US,1712917064
407,bikenibeu village,1.3673,173.1241,27.98,89,20,2.06,KI,1712917158
408,punta arenas,-53.15,-70.9167,8.06,87,75,7.2,CL,1712917158
409,usman',52.0466,39.7288,20.02,31,77,5.81,RU,1712917158
410,jaunpils,56.7325,23.0136,12.65,56,42,6.11,LV,1712917159
411,brasileia,-11.0161,-68.7481,24.25,100,75,0.0,BR,1712916904
412,port pirie,-33.1833,138.0167,15.62,71,56,4.67,AU,1712917159
413,chui,-33.6971,-53.4616,17.41,58,99,3.91,UY,1712917159
414,yemetsk,63.4721,41.7941,4.37,82,100,3.81,RU,1712917160
415,es castell,39.8795,4.2854,18.38,59,0,6.17,ES,1712917160
416,kingscliff,-28.2667,153.5667,22.07,83,0,2.57,AU,1712916884
417,kudat,6.8837,116.8477,28.96,79,54,3.6,MY,1712917160
418,elgin,42.0373,-88.2812,9.55,88,100,6.17,US,1712917150
419,al bardiyah,31.7561,25.0865,21.66,44,26,2.76,LY,1712917161
420,cheremukhovo,60.3484,59.9851,7.2,72,98,5.36,RU,1712917161
421,whittlesea,-32.1759,26.8244,16.01,29,5,0.71,ZA,1712917161
422,asau,46.4333,26.4,17.51,67,99,1.63,RO,1712917161
423,ubari,26.5921,12.7805,27.11,13,75,3.64,LY,1712917162
424,mar''ina horka,53.509,28.147,13.12,67,100,6.37,BY,1712917162
425,noumea,-22.2763,166.4572,26.11,99,100,4.57,NC,1712917162
426,pandan,14.0453,124.1694,27.07,81,64,4.27,PH,1712917162
427,karratha,-20.7377,116.8463,28.47,54,0,4.08,AU,1712917163
428,belawan,3.7755,98.6832,32.16,67,100,3.78,ID,1712917163
429,kirakira,-10.4544,161.9205,26.88,82,99,2.86,SB,1712917163
430,ascencion,31.1,-107.9833,17.51,16,100,1.94,MX,1712917163
431,mogocha,53.7333,119.7667,4.44,69,99,2.44,RU,1712917164
432,coyhaique,-45.5752,-72.0662,-2.03,93,0,1.03,CL,1712917164
433,massawa,15.6097,39.45,31.1,50,6,4.76,ER,1712917164
434,luwuk,-0.9516,122.7875,24.7,89,97,0.42,ID,1712917046
435,troitsko-pechorsk,62.7084,56.1964,3.72,99,100,6.26,RU,1712917157
436,san antonio de pale,-1.4014,5.6325,28.28,76,100,2.0,GQ,1712917165
437,carnarvon,-24.8667,113.6333,26.02,58,37,9.61,AU,1712917165
438,nizhnyaya omka,55.4338,74.9426,1.78,88,100,9.44,RU,1712917166
439,pamandzi,-12.7967,45.2794,32.88,66,20,4.12,YT,1712917166
440,acapulco de juarez,16.8634,-99.8901,23.9,88,0,0.0,MX,1712916920
441,zhangye,38.9342,100.4517,23.8,9,54,2.88,CN,1712917166
442,montevideo,-34.8335,-56.1674,14.84,77,0,2.57,UY,1712917138
443,jwaneng,-24.6004,24.7303,24.63,29,2,4.43,BW,1712917167
444,vite,17.2833,74.55,35.19,24,83,2.52,IN,1712917167
445,rongelap,11.1635,166.8941,26.7,74,93,9.28,MH,1712917167
446,kismayo,-0.3582,42.5454,31.9,60,38,4.88,SO,1712917167
447,gorontalo,0.5412,123.0595,26.39,86,97,0.58,ID,1712917168
448,purranque,-40.9167,-73.1667,2.38,100,0,1.06,CL,1712917038
449,svetlyy,54.675,20.1347,13.03,79,98,6.33,RU,1712917168
450,basoko,1.2391,23.616,30.22,62,100,2.78,CD,1712917168
451,galesburg,40.9478,-90.3712,8.77,87,100,5.66,US,1712917169
452,rakovski,42.3,24.9667,25.59,31,16,3.33,BG,1712917169
453,severo-yeniseyskiy,60.3725,93.0408,-8.01,65,100,2.24,RU,1712917169
454,tarboro,35.8968,-77.5358,19.95,68,100,9.26,US,1712917169
455,orcopampa,-15.2661,-72.3417,8.61,84,100,0.81,PE,1712917169
456,vicksburg,32.3526,-90.8779,12.82,100,20,0.0,US,1712916902
457,suwayr,30.1171,40.3893,28.52,22,0,0.6,SA,1712917170
458,caleta de carquin,-11.0925,-77.6267,21.35,85,98,3.83,PE,1712917037
459,kamloops,50.6665,-120.3192,4.76,80,20,1.34,CA,1712917170
460,az zulfi,26.2995,44.8154,28.61,24,64,3.05,SA,1712917171
461,bim son,20.0781,105.8603,27.38,79,17,6.44,VN,1712917171
462,la passe,45.5549,-0.8967,19.67,72,22,2.82,FR,1712917171
463,nova sintra,14.8667,-24.7167,22.33,81,0,7.33,CV,1712917171
464,westport,41.1415,-73.3579,18.01,88,100,10.8,US,1712917015
465,porto empedocle,37.2934,13.5264,22.47,47,48,2.05,IT,1712917172
466,tadine,-21.55,167.8833,23.06,86,100,2.91,NC,1712917172
467,noosa heads,-26.3833,153.15,20.62,68,0,5.2,AU,1712917172
468,arawa,-6.2132,155.5367,26.32,93,100,1.35,PG,1712917173
469,zelenogorsk,56.1147,94.5861,-1.24,50,100,4.77,RU,1712917173
470,wuwei,37.9281,102.6414,22.06,12,37,2.59,CN,1712917173
471,ouarzazat,30.9189,-6.8934,22.16,14,5,1.03,MA,1712917174
472,harstad,68.799,16.5293,5.13,75,76,14.75,NO,1712917174
473,nuuk,64.1835,-51.7216,-3.66,93,40,3.09,GL,1712916937
474,tofol,5.3248,163.0078,27.75,82,100,6.5,FM,1712917174
475,oodweyne,9.4092,45.064,30.92,38,88,3.08,SO,1712917175
476,tuskegee,32.424,-85.6916,10.64,100,0,2.77,US,1712917175
477,lycksele,64.5954,18.6735,6.93,49,5,3.6,SE,1712917175
478,formosa do rio preto,-11.0483,-45.1931,24.13,79,62,1.49,BR,1712917175
479,gunjur,13.2019,-16.7339,27.04,65,0,4.12,GM,1712916978
480,fedorovka,53.6314,62.7078,15.05,64,82,7.82,KZ,1712917176
481,ambon,-3.6954,128.1814,29.37,95,40,1.03,ID,1712917124
482,boden,65.8252,21.6886,7.0,98,18,0.21,SE,1712917176
483,papao,-17.75,-149.55,26.82,85,89,11.84,PF,1712917176
484,nadym,65.5333,72.5167,-1.69,96,100,11.3,RU,1712917177
485,qarazhal,48.0078,70.7903,10.74,30,2,3.01,KZ,1712917177
486,marshall,34.3834,-86.3333,12.17,82,0,3.6,US,1712917101
487,zhumysker,49.3333,49.4,26.83,37,2,7.04,KZ,1712917177
488,puerto san jose,13.9256,-90.8244,27.45,74,90,1.36,GT,1712917178
489,nambour,-26.6333,152.95,20.48,89,0,1.47,AU,1712917178
490,vandalia,39.8906,-84.1988,9.81,86,100,6.69,US,1712916883
491,tambura,5.6,27.4667,33.53,39,96,1.93,SS,1712917178
492,nevel',56.0209,29.9284,13.15,66,95,5.92,RU,1712917178
493,pasuquin,18.3328,120.6177,28.97,89,75,2.06,PH,1712917179
494,kandyagash,49.4744,57.4233,17.03,43,22,7.2,KZ,1712917179
495,undurkhaan,47.3194,110.6556,17.41,21,100,5.11,MN,1712917179
496,ebon,4.582,168.6964,27.23,85,100,7.08,MH,1712917179
497,hays,30.0502,-98.0336,15.03,67,23,2.09,US,1712917166
498,launceston,-41.45,147.1667,15.08,88,10,4.63,AU,1712916899
499,lagawe,16.8,121.1192,27.27,64,41,0.7,PH,1712917180
500,savanna-la-mar,18.219,-78.1332,26.63,88,96,1.33,JM,1712917180
501,morant bay,17.8815,-76.4093,27.79,90,51,4.82,JM,1712917180
502,kantunilkin,21.0917,-87.45,18.09,94,17,0.94,MX,1712917181
503,hadibu,12.65,54.0333,30.97,60,26,1.29,YE,1712917181
504,zuni pueblo,35.0725,-108.8506,-1.65,25,0,2.08,US,1712917181
505,nadi,-17.8,177.4167,27.0,89,40,2.06,FJ,1712917181
506,ishikawa,26.4233,127.8214,22.41,85,75,2.57,JP,1712917181
507,souillac,-20.5167,57.5167,31.3,70,75,5.14,MU,1712917182
508,inirida,3.8653,-67.9239,24.32,93,80,1.42,CO,1712917182
509,boende,-0.2167,20.8667,33.97,48,96,1.81,CD,1712917182
510,okhotsk,59.3833,143.3,-3.45,90,30,1.45,RU,1712917183
511,greenville,35.6127,-77.3663,19.97,70,100,7.72,US,1712917002
512,sungai penuh,-2.0833,101.3833,21.29,98,99,0.34,ID,1712917015
513,quebradillas,18.4738,-66.9385,24.42,92,67,4.47,PR,1712917184
514,artesia,33.8658,-118.0831,14.71,91,100,0.45,US,1712917184
515,al mayadin,35.0209,40.4535,25.5,29,21,1.69,SY,1712917184
516,ambalavao,-21.8333,46.9333,23.09,78,98,0.85,MG,1712917036
517,bush,29.1482,31.1273,27.85,24,10,6.12,EG,1712917185
518,armacao de buzios,-22.7469,-41.8817,24.03,88,76,1.54,BR,1712917185
519,tchintabaraden,15.8969,5.7985,39.44,6,100,5.27,NE,1712917185
520,shamgarh,24.1833,75.6333,35.4,20,45,3.4,IN,1712917185
521,mosjoen,65.836,13.1908,8.06,87,75,4.12,NO,1712917186
522,tanjung pandan,-2.75,107.65,29.0,78,100,3.57,ID,1712917035
523,nuriootpa,-34.4833,139.0,13.23,75,0,2.18,AU,1712917186
524,abuja,9.0574,7.4898,31.98,49,98,2.84,NG,1712916793
525,altai,46.3722,96.2583,8.85,32,84,10.54,MN,1712917186
526,la sarre,48.8002,-79.1996,6.6,95,100,6.29,CA,1712917187
527,grand falls-windsor,48.9332,-55.6649,1.39,77,76,0.89,CA,1712917077
528,kutum,14.2,24.6667,31.27,8,59,5.18,SD,1712917187
529,luderitz,-26.6481,15.1594,26.98,42,3,3.93,NA,1712917187
530,bredy,52.4153,60.3411,16.86,57,15,10.15,RU,1712917187
531,galliano,29.4422,-90.2992,14.44,87,0,0.0,US,1712917188
532,burang,30.25,81.1667,0.71,59,61,1.71,CN,1712917188
533,acarau,-2.8856,-40.12,26.23,88,56,2.52,BR,1712917188
534,murzuq,25.9155,13.9184,32.07,8,39,7.89,LY,1712917188
535,maun,-19.9833,23.4167,28.14,38,100,4.46,BW,1712917189
536,ellsworth,44.5434,-68.4195,10.08,99,100,6.69,US,1712917189
537,singojuruh,-8.3167,114.2333,24.89,96,88,0.49,ID,1712917189
538,horta,38.5333,-28.6333,16.8,92,20,1.79,PT,1712917189
539,zhongxiang,31.1661,112.5831,24.59,63,2,2.78,CN,1712917190
540,yingkou,40.6648,122.2283,12.15,54,44,7.73,CN,1712917190
541,oranjemund,-28.55,16.4333,28.29,29,40,4.51,NA,1712917190
542,zaozersk,69.4005,32.4476,-0.8,86,98,2.73,RU,1712917190
543,shimoda,34.6667,138.95,13.95,87,92,6.89,JP,1712917191
544,puerto deseado,-47.7503,-65.8938,8.65,52,0,4.35,AR,1712917191
545,dangriga,16.9692,-88.2321,23.19,85,51,6.21,BZ,1712917191
546,rovnoye,50.7765,46.0509,17.76,57,18,6.15,RU,1712917192
547,yalutorovsk,56.6536,66.3006,13.31,53,58,8.49,RU,1712917192
548,sokoni,-6.4333,39.55,27.98,81,63,4.97,TZ,1712917192
549,miles city,46.4083,-105.8406,5.54,48,0,6.17,US,1712917192
550,stranraer,54.9023,-5.0273,10.55,97,99,6.45,GB,1712917192
551,kovdor,67.5662,30.4758,-0.16,85,97,3.96,RU,1712917193
552,mejit,10.2753,170.8646,26.71,82,100,8.78,MH,1712917193
553,tutong,4.8,114.65,31.68,78,79,4.18,BN,1712917193
554,oblivskaya,48.5362,42.5014,25.7,34,97,5.43,RU,1712917193
555,port augusta,-32.5,137.7667,16.26,68,100,5.96,AU,1712917193
556,la ronge,55.1001,-105.2842,-0.86,86,75,4.63,CA,1712917194
557,nagqu,31.5,92.0,4.28,20,100,8.94,CN,1712917194
558,kyakhta,50.3508,106.4494,13.28,33,39,2.3,RU,1712917194
559,valley city,46.9233,-98.0032,-0.71,100,0,0.0,US,1712917194
560,yinchuan,38.4681,106.2731,26.64,14,2,1.78,CN,1712917079
561,wajir,1.7471,40.0573,33.16,51,89,4.68,KE,1712917195
562,praia,14.9215,-23.5087,25.3,65,20,6.17,CV,1712917195
563,verkhovazh'ye,60.7472,42.0465,5.64,97,100,3.11,RU,1712917195
564,borkum,53.5809,6.6915,17.19,93,100,9.17,DE,1712916930
565,christchurch,-43.5333,172.6333,10.85,95,75,4.12,NZ,1712917110
566,bridgewater,44.3835,-64.5155,7.84,98,100,5.14,CA,1712917196
567,ginir,7.1333,40.7,25.45,45,99,3.26,ET,1712917196
568,tsiroanomandidy,-18.7667,46.0333,30.34,48,66,0.94,MG,1712917196
569,pingliang,35.5392,106.6861,21.66,43,1,8.45,CN,1712917196
570,hermantown,46.8069,-92.2383,4.52,83,40,6.26,US,1712917197
571,urzhar,47.093,81.6294,4.7,41,45,4.92,KZ,1712917197
572,tongliao,43.6125,122.2653,21.28,42,41,6.96,CN,1712917197
573,walvis bay,-22.9575,14.5053,20.53,68,11,1.54,NA,1712917197
574,khuzdar,27.7384,66.6434,30.41,13,60,8.57,PK,1712917198
575,kununurra,-15.7667,128.7333,28.99,54,100,2.06,AU,1712917198
576,siwa oasis,29.2041,25.5195,25.19,23,0,1.78,EG,1712917198
577,kolokani,13.5728,-8.0339,36.79,22,17,3.28,ML,1712917199
578,tobruk,32.0836,23.9764,20.27,60,0,5.25,LY,1712917199
